ballad,ballad,에일리
ballad,ballad,정승환
ballad,ballad,벤
ballad,ballad,케이윌
ballad,ballad,황치열
ballad,ballad,김동률
ballad,ballad,김범수
ballad,ballad,김연우
ballad,ballad,박효신
ballad,ballad,백지영
ballad,ballad,거미
ballad,ballad,변진섭
ballad,ballad,린
ballad,ballad,성시경
ballad,ballad,신승훈
ballad,ballad,휘성
ballad,ballad,유재하
ballad,ballad,윤종신
ballad,ballad,이소라
ballad,ballad,조성모
ballad,dance,태민 
ballad,dance,청하
ballad,dance,선미
ballad,dance,DJ DOC
ballad,dance,김완선
ballad,dance,듀스
ballad,dance,노라조
ballad,dance,박남정
ballad,dance,터보
ballad,dance,클론
ballad,dance,박진영
ballad,dance,보아 
ballad,dance,비
ballad,dance,싸이 
ballad,dance,서태지와 아이들
ballad,dance,엄정화
ballad,dance,이정현
ballad,dance,이효리
ballad,dance,코요태
ballad,dance,쿨
ballad,pop,볼빨간사춘기
ballad,pop,백예린
ballad,pop,헤이즈
ballad,pop,폴킴
ballad,pop,멜로망스
ballad,pop,다비치
ballad,pop,권진아
ballad,pop,015B
ballad,pop,아이유
ballad,pop,김건모
ballad,pop,김현식
ballad,pop,김현철
ballad,pop,악동뮤지션
ballad,pop,어반 자카파
ballad,pop,윤상
ballad,pop,이문세
ballad,pop,이승철
ballad,pop,이승환
ballad,pop,인순이
ballad,pop,조용필
ballad,folk,10cm
ballad,folk,장필순
ballad,folk,김광석
ballad,folk,동물원
ballad,folk,버스커 버스커
ballad,folk,송창식
ballad,folk,시인과 촌장
ballad,folk,안치환
ballad,folk,양희은
ballad,folk,옥상달빛
ballad,folk,윤형주
ballad,folk,커피소년
ballad,folk,한대수
ballad,folk,해바라기
ballad,manidol,방탄소년단
ballad,manidol,DAY6 
ballad,manidol,몬스타엑스
ballad,manidol,세븐틴
ballad,manidol,뉴이스트
ballad,manidol,NCT
ballad,manidol,iKON
ballad,manidol,GOT7 
ballad,manidol,EXO
ballad,manidol,BIGBANG
ballad,manidol,WINNER
ballad,manidol,B1A4
ballad,manidol,SHINee 
ballad,manidol,2PM
ballad,manidol,하이라이트
ballad,manidol,SUPER JUNIOR 
ballad,manidol,씨엔블루
ballad,manidol,인피니트
ballad,girlidol,BLACKPINK
ballad,girlidol,Red Velvet 
ballad,girlidol,
ballad,girlidol,마마무
ballad,girlidol,TWICE 
ballad,girlidol,오마이걸
ballad,girlidol,여자친구
ballad,girlidol,모모랜드
ballad,girlidol,EXID
ballad,girlidol,소녀시대 
ballad,girlidol,2NE1
ballad,girlidol,원더걸스
ballad,girlidol,씨스타
ballad,girlidol,미쓰 에이
ballad,girlidol,포미닛
ballad,girlidol,Apink 
ballad,girlidol,f
ballad,girlidol,걸스데이
ballad,girlidol,에이오에이
ballad,girlidol,러블리즈
rnh,hnp,더 콰이엇
rnh,hnp,XXX
rnh,hnp,E SENS
rnh,hnp,드렁큰 타이거
rnh,hnp,팔로알토 
rnh,hnp,윤미래
rnh,hnp,도끼
rnh,hnp,박재범
rnh,hnp,지코
rnh,hnp,기리보이
rnh,hnp,빈지노
rnh,hnp,다이나믹듀오
rnh,hnp,에픽하이 
rnh,hnp,가리온
rnh,hnp,버벌진트
rnh,jni,쿠마파크
rnh,jni,마일드 비츠
rnh,jni,DJ 소울스케이프
rnh,jni,PEEJAY
rnh,jni,소리헤다
rnh,jni,타블로+페니
rns,rnb,DEAN
rns,rnb,Crush
rns,rnb,히피는 집시였다
rns,rnb,서사무엘
rns,rnb,SUMIN
rns,rnb,Horim
rns,rnb,박재범
rns,rnb,죠지
rns,rnb,SURAN 
rns,rnb,솔리드
rns,rnb,박정현
rns,soul,브라운 아이드 소울
rns,soul,정인
rns,soul,리코
rns,soul,Zion.T
rns,soul,나얼
rns,soul,마이큐
rns,soul,소울라이츠
rns,fnd,김반장과 윈디시티
rns,fnd,술탄 오브 더 디스코
rns,fnd,커먼 그라운드
rns,fnd,나잠 수
rns,fnd,오리엔탈 쇼커스
elec,elec,Glen Check
elec,elec,클래지콰이
elec,elec,HUS
elec,elec,센티멘탈 시너리
elec,elec,야광토끼
elec,elec,키라라
elec,elec,W & Whale
elec,elec,캐스커
elec,elec,숀
elec,club,IDIOTAPE 
elec,club,Bagagee Viphex13
elec,club,Raiden
elec,club,스페이스카우보이
elec,club,하우스 룰즈
elec,club,DJ HANMIN
elec,club,프릭하우즈
elec,club,Peggy Gou
elec,club,준코코
elec,club,반달락
elec,club,IMLAY
elec,club,Flash Finger
elec,club,Junkilla
elec,club,묘
rock,modern,혁오 
rock,modern,잔나비
rock,modern,넬
rock,modern,자우림
rock,modern,못
rock,modern,3호선 버터플라이
rock,modern,노리플라이
rock,modern,데이브레이크
rock,modern,델리 스파이스
rock,modern,몽니
rock,modern,브로콜리너마저
rock,modern,언니네 이발관
rock,modern,피터팬 컴플렉스
rock,punk,YB
rock,punk,국카스텐
rock,punk,강산에
rock,punk,갤럭시 익스프레스
rock,punk,장기하와 얼굴들
rock,punk,내귀에 도청장치
rock,punk,네미시스
rock,punk,노브레인
rock,punk,들국화
rock,punk,문샤이너스
rock,punk,부활
rock,punk,산울림
rock,punk,신중현
rock,punk,신촌 블루스
rock,punk,옐로우 몬스터즈
rock,punk,칵스
rock,punk,크라잉넛
rock,metal,넥스트
rock,metal,다운헬
rock,metal,메써드
rock,metal,다크 미러 오브 트레지디
rock,metal,바세린
rock,metal,백두산
rock,metal,블랙신드롬
rock,metal,블랙 홀
rock,metal,시나위
rock,metal,예레미
rock,metal,오딘
rock,metal,크래쉬
rock,metal,피아
jazz,vocal,Moon 
jazz,vocal,허소영
jazz,vocal,박성연
jazz,vocal,나윤선
jazz,vocal,나희경
jazz,vocal,말로
jazz,vocal,봄여름가을겨울
jazz,vocal,소히
jazz,vocal,써니 킴
jazz,vocal,웅산
jazz,vocal,윈터플레이
jazz,vocal,윤한
jazz,play,전제덕
jazz,play,김오키
jazz,play,A-Fuzz
jazz,play,잭 리
jazz,play,프렐류드
jazz,play,곽윤찬
jazz,play,배장은
jazz,play,서영도
jazz,play,손성제
jazz,play,송영주
jazz,play,윤석철 트리오
jazz,play,이선지
jazz,play,임인건
jazz,play,서수진
indie,rock,검정치마
indie,rock,JAMBINAI
indie,rock,라이프 앤 타임
indie,rock,데카당
indie,rock,딕펑스
indie,rock,세이수미
indie,rock,파라솔
indie,rock,신해경
indie,rock,새소년
indie,rock,9와 숫자들
indie,rock,단편선과 선원들
indie,rock,로맨틱 펀치
indie,rock,브로큰 발렌타인
indie,rock,솔루션스
indie,modern,김사월
indie,modern,슈가볼
indie,modern,최고은
indie,modern,이랑
indie,modern,안녕하신가영
indie,modern,루시드 폴
indie,modern,요조
indie,modern,강아솔
indie,modern,Lucia
indie,modern,스탠딩 에그
indie,modern,라이너스의 담요
indie,modern,소란
indie,modern,에피톤 프로젝트
indie,modern,제이레빗
indie,modern,스웨덴세탁소
indie,hiphop,기린
indie,hiphop,SUMIN
indie,hiphop,DPR LIVE
indie,hiphop,40
indie,hiphop,딥플로우
indie,hiphop,보니
indie,hiphop,화지
indie,hiphop,jeebanoff 
indie,hiphop,진보
indie,hiphop,피타입
indie,elec,키라라
indie,elec,ADOY
indie,elec,우효
indie,elec,신세하
indie,elec,YESEO
indie,elec,offonoff 
indie,elec,이이언
indie,elec,millic
indie,elec,CHIMMI
indie,elec,Club505
indie,elec,데미캣
indie,elec,유카리
indie,elec,카프카
indie,elec,톡식바이어스플뤠르아이비
indie,elec,롤스파이크
indie,elec,트램폴린
indie,elec,파라노이드
